kind,truth,k_hat
null,1,3
null,1,1
null,1,1
null,1,1
null,1,3
null,1,1
null,1,1
null,1,2
null,1,1
null,1,2
null,1,3
null,1,2
null,1,1
null,1,1
null,1,1
null,1,1
null,1,2
null,1,3
null,1,2
null,1,3
null,1,1
null,1,2
null,1,3
null,1,2
null,1,1
null,1,2
null,1,3
null,1,3
null,1,1
null,1,1
null,1,3
null,1,5
null,1,5
null,1,1
null,1,3
null,1,4
null,1,2
null,1,7
null,1,2
null,1,4
null,1,1
null,1,6
null,1,3
null,1,3
null,1,3
trend,1,7
trend,1,8
trend,1,8
trend,1,4
trend,1,6
trend,1,8
trend,1,8
trend,1,8
trend,1,6
trend,1,6
trend,1,8
trend,1,8
trend,1,7
trend,1,6
trend,1,8
trend,1,6
trend,1,5
trend,1,7
trend,1,6
trend,1,8
trend,1,6
trend,1,8
trend,1,8
trend,1,8
trend,1,8
trend,1,6
trend,1,8
trend,1,8
struct,2,2
struct,2,2
struct,2,2
struct,2,2
struct,2,2
struct,2,2
struct,2,2
struct,2,2
struct,2,2
struct,2,2
trend,1,8
struct,2,2
trend,1,8
struct,2,2
struct,2,2
struct,2,2
struct,2,2
struct,2,2
struct,2,2
struct,2,2
struct,2,2
struct,2,2
struct,2,2
struct,2,2
struct,2,2
struct,2,2
struct,2,2
struct,2,2
struct,2,2
struct,2,2
struct,2,2
struct,2,2
struct,2,2
struct,2,2
struct,2,2
struct,2,2
struct,2,2
struct,2,2
struct,2,2
struct,2,2
struct,2,2
struct,2,2
struct,2,2
struct,2,2
struct,2,2
struct,2,2
struct,2,2
struct,2,2
struct,2,2
struct,2,2
struct,2,2
struct,2,2
struct,2,2
struct,2,2
struct,2,2
struct,2,2
struct,2,2
struct,2,2
struct,2,2
struct,2,2
struct,2,2
struct,2,2
struct,2,2
struct,2,2
struct,2,2
struct,2,2
struct,2,2
struct,2,2
struct,2,2
struct,2,2
struct,2,2
struct,2,2
struct,2,2
struct,2,2
struct,2,2
struct,2,2
struct,2,2
struct,2,2
struct,2,2
struct,2,2
struct,2,2
struct,2,2
struct,2,2
struct,3,2
struct,2,2
struct,2,2
struct,2,2
struct,2,2
struct,2,2
struct,2,2
struct,2,2
struct,2,2
struct,2,2
struct,3,3
struct,3,3
struct,3,3
struct,3,3
struct,3,3
struct,3,3
struct,3,3
struct,3,3
struct,3,3
struct,3,3
struct,3,3
struct,3,3
struct,3,3
struct,3,3
struct,3,3
struct,3,3
struct,3,3
struct,3,3
struct,3,3
struct,3,3
struct,3,3
struct,3,3
struct,3,3
struct,3,3
struct,3,3
struct,3,3
struct,3,3
struct,3,3
struct,3,3
struct,3,3
struct,3,3
struct,3,3
struct,3,3
struct,3,3
struct,3,3
struct,3,3
struct,3,3
struct,3,3
struct,3,3
struct,3,3
struct,3,3
struct,3,3
struct,3,3
struct,3,3
struct,3,3
struct,3,3
struct,3,3
struct,3,3
struct,3,3
struct,3,3
struct,3,3
struct,3,3
struct,3,3
struct,3,3
struct,3,3
struct,3,3
struct,3,3
struct,3,3
struct,3,3
struct,3,3
struct,3,2
struct,3,3
struct,3,3
struct,3,3
struct,3,3
struct,3,3
struct,3,3
struct,3,3
struct,3,3
struct,3,3
struct,3,3
struct,3,3
struct,3,3
struct,3,3
struct,3,3
struct,3,3
struct,3,3
struct,3,3
struct,3,3
struct,3,3
struct,3,3
struct,3,3
struct,3,3
struct,4,4
struct,3,3
struct,3,3
struct,3,3
struct,4,4
struct,3,3
struct,3,3
struct,4,4
struct,4,4
struct,3,3
struct,4,4
struct,4,4
struct,4,4
struct,4,4
struct,4,4
struct,4,4
struct,4,4
struct,4,4
struct,4,4
struct,4,4
struct,4,4
struct,4,4
struct,4,4
struct,4,4
struct,4,4
struct,4,4
struct,4,4
struct,4,4
struct,4,4
struct,4,4
struct,4,4
struct,4,4
struct,4,4
struct,4,4
struct,4,3
struct,4,4
struct,4,4
struct,4,4
struct,4,4
struct,4,4
struct,4,4
struct,4,4
struct,4,4
struct,4,4
struct,4,4
struct,4,4
struct,4,4
struct,4,4
struct,4,4
struct,4,4
struct,4,4
struct,4,4
struct,4,4
struct,4,4
struct,4,4
struct,4,4
struct,4,4
struct,4,4
struct,4,4
struct,4,4
struct,4,4
struct,4,4
struct,4,4
struct,4,4
struct,4,4
struct,4,4
struct,4,4
struct,4,4
struct,4,4
struct,4,4
struct,4,4
struct,4,4
struct,4,4
struct,4,4
struct,4,4
struct,4,4
struct,4,4
struct,4,4
struct,4,4
struct,4,4
struct,4,4
struct,4,4
struct,4,4
struct,4,4
struct,4,4
struct,4,4
struct,4,4
struct,4,4
struct,4,4
struct,4,4
struct,4,4
struct,4,4
struct,5,5
struct,4,4
struct,4,4
struct,4,4
struct,5,4
struct,5,5
struct,4,4
struct,5,5
struct,5,5
struct,5,5
struct,5,5
struct,5,5
struct,5,6
struct,5,5
struct,5,5
struct,5,5
struct,5,4
struct,5,4
struct,5,5
struct,5,5
struct,5,3
struct,5,5
struct,5,5
struct,5,5
struct,5,5
struct,5,5
struct,5,4
struct,5,5
struct,5,5
struct,5,5
struct,5,5
struct,5,5
struct,5,5
struct,5,5
struct,5,5
struct,5,5
struct,5,5
struct,5,1
struct,5,5
struct,5,5
struct,5,4
struct,5,5
struct,5,5
struct,5,5
struct,5,5
struct,5,5
struct,5,5
struct,5,5
struct,5,5
struct,5,5
struct,5,5
struct,5,5
struct,5,5
struct,5,5
struct,5,5
struct,5,5
struct,5,5
struct,5,5
struct,5,5
struct,5,5
struct,5,5
struct,5,5
struct,5,5
struct,5,5
struct,5,5
struct,5,5
struct,5,5
struct,5,5
struct,5,5
struct,5,5
struct,5,5
struct,5,5
struct,5,5
struct,5,5
struct,5,5
struct,5,5
struct,5,5
struct,5,5
struct,5,5
struct,5,4
struct,5,5
struct,5,5
struct,5,5
struct,5,5
struct,5,5
struct,5,5
struct,5,5
struct,5,5
struct,5,5
struct,5,5
struct,5,5
mixed,3,6
struct,5,5
struct,5,5
mixed,3,8
mixed,3,8
struct,5,5
mixed,3,7
mixed,3,6
mixed,3,5
mixed,3,3
mixed,3,6
mixed,3,3
mixed,3,7
mixed,3,8
mixed,3,8
mixed,3,8
mixed,3,8
mixed,3,7
mixed,3,8
mixed,3,8
mixed,3,4
mixed,3,8
mixed,3,3
mixed,3,6
mixed,3,5
mixed,3,7
mixed,3,8
mixed,3,8
mixed,3,8
mixed,3,8
mixed,3,8
mixed,4,4
mixed,4,7
mixed,3,8
mixed,4,8
mixed,4,4
mixed,4,8
mixed,4,5
mixed,4,6
mixed,4,8
mixed,3,6
mixed,4,7
mixed,4,8
mixed,4,8
mixed,4,4
mixed,4,5
mixed,4,8
mixed,4,8
mixed,4,8
mixed,4,7
mixed,4,8
mixed,4,8
mixed,4,6
mixed,4,8
mixed,4,8
mixed,4,6
mixed,4,5
mixed,4,8
mixed,4,8
mixed,4,5
mixed,4,6
mixed,4,8
mixed,4,8
